{
    "openapi": "3.0.0",
    "info": {
        "title": "Xmlpserver Services",
        "version": "1.0.0"
    },
    "servers": [
        {
            "url": "https://<host_name>/xmlpserver/services",
            "description": "Xmlpserver Services",
            "x-vb": {
                "authentication": {
                    "authenticated": {
                        "type": "basic",
                        "credentials": "vb_fb931e52-5301-4eaf-bb3f-adec1cd4f8a2"
                    }
                },
                "forceProxy": "cors"
            }
        }
    ],
    "paths": {
        "/ExternalReportWSSService": {
            "post": {
                "operationId": "postExternalReportWSSService",
                "responses": {},
                "x-vb": {
                    "headers": {
                        "Content-Type": "application/soap+xml;charset=UTF-8"
                    },
                    "actionHint": "custom"
                }
            }
        }
    }
}